Product Id,Product Handle,Product Title,Product Status,Product Thumbnail,Product Sales Channel 1,Variant Id
prod_01K71WMXJBX4XDRPE69N4BM6A0,beautiful-ai,Beautiful AI Giá Rẻ,published,http://localhost:9000/static/1759926449706-Beautiful-ai.png,sc_01K71VRA7Q124V31XY4N1CRAWY,variant_01K71WRJYDBQGYGTSTG0Z6DWG5
prod_01K721HB7WPBSAHVPM60SMRKY5,bolt-ai,Bolt Al Pro 20$ Giá Rẻ,published,http://localhost:9000/static/1759931575501-Bolt-ai.png,sc_01K71VRA7Q124V31XY4N1CRAWY,variant_01K721RJ7925F8K1RR7NCBNEGY
prod_01K721HB7WPBSAHVPM60SMRKY5,bolt-ai,Bolt Al Pro 20$ Giá Rẻ,published,http://localhost:9000/static/1759931575501-Bolt-ai.png,sc_01K71VRA7Q124V31XY4N1CRAWY,variant_01K721PTSFA3Y4T05R6VPBYV5Q
prod_01K721HB7WPBSAHVPM60SMRKY5,bolt-ai,Bolt Al Pro 20$ Giá Rẻ,published,http://localhost:9000/static/1759931575501-Bolt-ai.png,sc_01K71VRA7Q124V31XY4N1CRAWY,variant_01K721VQW755Y41E2ZP5X3B2VH
prod_01K7222J27C5RSTAJ2PXH66RG3,consensus-premium,"Consensus Premium Giá Rẻ, Chính Chủ",published,http://localhost:9000/static/1759932139515-Consensus-AI.png,sc_01K71VRA7Q124V31XY4N1CRAWY,variant_01K722TFCH5JKDK430QSCK1RCQ
prod_01K722BKSA4XYAAPZY95271XFT,elementor-pro,Elementor PRO Giá Rẻ,published,http://localhost:9000/static/1759932436189-Elementor-pro.png,sc_01K71VRA7Q124V31XY4N1CRAWY,variant_01K722GTEWT5PEH3GTE49R7NQR
prod_01K723F1QGBQ4QWDN3W7RHPEG5,google-colab-pro,Google Colab Pro Giá Rẻ,published,http://localhost:9000/static/1759933597351-Google-colba-pro.png,sc_01K71VRA7Q124V31XY4N1CRAWY,variant_01K723V165MG8NJWM7SX9EP2DB
prod_01K723F1QGBQ4QWDN3W7RHPEG5,google-colab-pro,Google Colab Pro Giá Rẻ,published,http://localhost:9000/static/1759933597351-Google-colba-pro.png,sc_01K71VRA7Q124V31XY4N1CRAWY,variant_01K723P7CYWG1JPGCNWAQ1N91T
prod_01K723F1QGBQ4QWDN3W7RHPEG5,google-colab-pro,Google Colab Pro Giá Rẻ,published,http://localhost:9000/static/1759933597351-Google-colba-pro.png,sc_01K71VRA7Q124V31XY4N1CRAWY,variant_01K723QVCNTRSP5ADQZ9TCAYW5
prod_01K7243ZXQW36TGCZ8GRWV56DX,key-smartgit,Key SmartGit Giá Rẻ,published,http://localhost:9000/static/1759934283629-Key-smartgit.png,sc_01K71VRA7Q124V31XY4N1CRAWY,variant_01K7243ZZEX6SM4TRPZHT9MCYS
prod_01K724F9B57PPQVSG6RBAVJ31E,key-tableau-desktop,Key Tableau Desktop Giá Rẻ,published,http://localhost:9000/static/1759934653717-Key-tableau-desktop.png,sc_01K71VRA7Q124V31XY4N1CRAWY,variant_01K724F9DPW23BGV48KKYK21CN
prod_01K724RRFJVB2HE2KYAE3KDNBE,altium-designer-pro,Mua Tài Khoản Altium Designer Pro 365 Giá Rẻ,published,http://localhost:9000/static/1759934964132-Altium-designer-pro.png,sc_01K71VRA7Q124V31XY4N1CRAWY,variant_01K724RRHD40PDGZM5N46JRARB
prod_01K72523TGHFM8FZVC7933XQNT,claude-pro,Mua tài khoản Claude Pro,published,http://localhost:9000/static/1759935270639-Claude-pro.png,sc_01K71VRA7Q124V31XY4N1CRAWY,variant_01K72523WPQBCKYS8XYD6VDZXR
prod_01K725B9HSGXTK0P4PQ0F8HHBB,coreldraw,Mua Tài Khoản CorelDraw Giá Rẻ,published,http://localhost:9000/static/1759935571483-CorelDraw.png,sc_01K71VRA7Q124V31XY4N1CRAWY,variant_01K725QPDD481031P64CAQQB14
prod_01K725B9HSGXTK0P4PQ0F8HHBB,coreldraw,Mua Tài Khoản CorelDraw Giá Rẻ,published,http://localhost:9000/static/1759935571483-CorelDraw.png,sc_01K71VRA7Q124V31XY4N1CRAWY,variant_01K725PK3FXBWJSKDG0ZDJ24S6
prod_01K725B9HSGXTK0P4PQ0F8HHBB,coreldraw,Mua Tài Khoản CorelDraw Giá Rẻ,published,http://localhost:9000/static/1759935571483-CorelDraw.png,sc_01K71VRA7Q124V31XY4N1CRAWY,variant_01K725MA6HND25EY99CD0850EV
prod_01K725B9HSGXTK0P4PQ0F8HHBB,coreldraw,Mua Tài Khoản CorelDraw Giá Rẻ,published,http://localhost:9000/static/1759935571483-CorelDraw.png,sc_01K71VRA7Q124V31XY4N1CRAWY,variant_01K725HVPKCM0ZZRZY7W8T3CV3
prod_01K725B9HSGXTK0P4PQ0F8HHBB,coreldraw,Mua Tài Khoản CorelDraw Giá Rẻ,published,http://localhost:9000/static/1759935571483-CorelDraw.png,sc_01K71VRA7Q124V31XY4N1CRAWY,variant_01K725GEGYGVVF1B6HQW3H03S8
prod_01K7265XPV3ZNYSC11YBT9GRSS,d-id-studio,Mua tài khoản D-iD Studio,published,http://localhost:9000/static/1759936444091-D-id-studio.png,sc_01K71VRA7Q124V31XY4N1CRAWY,
prod_01K726N599KP9NHJD7G30RED28,grammarly,Mua Tài Khoản Grammarly Giá Rẻ,published,http://localhost:9000/static/1759936943356-Grammarly-1.png,sc_01K71VRA7Q124V31XY4N1CRAWY,variant_01K7274VZN44HVY5GX26TKYS56
prod_01K726N599KP9NHJD7G30RED28,grammarly,Mua Tài Khoản Grammarly Giá Rẻ,published,http://localhost:9000/static/1759936943356-Grammarly-1.png,sc_01K71VRA7Q124V31XY4N1CRAWY,variant_01K7273070YWHPZ9R5ZMG8YCVT
prod_01K726N599KP9NHJD7G30RED28,grammarly,Mua Tài Khoản Grammarly Giá Rẻ,published,http://localhost:9000/static/1759936943356-Grammarly-1.png,sc_01K71VRA7Q124V31XY4N1CRAWY,variant_01K727172R28GF7KV0YAY1GDZX
prod_01K726N599KP9NHJD7G30RED28,grammarly,Mua Tài Khoản Grammarly Giá Rẻ,published,http://localhost:9000/static/1759936943356-Grammarly-1.png,sc_01K71VRA7Q124V31XY4N1CRAWY,variant_01K726Y90TN8ERBTVH4NRQW1J4
prod_01K726N599KP9NHJD7G30RED28,grammarly,Mua Tài Khoản Grammarly Giá Rẻ,published,http://localhost:9000/static/1759936943356-Grammarly-1.png,sc_01K71VRA7Q124V31XY4N1CRAWY,variant_01K727BBCVM08B7XTXWQ9AK9DC
prod_01K726N599KP9NHJD7G30RED28,grammarly,Mua Tài Khoản Grammarly Giá Rẻ,published,http://localhost:9000/static/1759936943356-Grammarly-1.png,sc_01K71VRA7Q124V31XY4N1CRAWY,variant_01K7277R3KZR62GVW464PKFEX2
prod_01K727PKKYJTD3WP4TAT9A1ANG,leonardo-ai,Mua Tài Khoản Leonardo.ai,published,http://localhost:9000/static/1759938039385-Leonardo-ai.png,sc_01K71VRA7Q124V31XY4N1CRAWY,variant_01K727WDRFC7VE8KK2MBQ9XDPZ
prod_01K727PKKYJTD3WP4TAT9A1ANG,leonardo-ai,Mua Tài Khoản Leonardo.ai,published,http://localhost:9000/static/1759938039385-Leonardo-ai.png,sc_01K71VRA7Q124V31XY4N1CRAWY,variant_01K727XKMN4Q0WM5F1TJRKKC41
prod_01K728E3GY1NX3QB49RF8Q7DBS,mail-edu,Mua Tài Khoản Mail Edu Giá Rẻ,published,http://localhost:9000/static/1759938809296-Mail-edu.png,sc_01K71VRA7Q124V31XY4N1CRAWY,variant_01K728E3JTRCKGNAX570VJPTAF
prod_01K728N6V0DFW17FY72YW7MXSB,poe-pro,Mua Tài Khoản Poe Pro Giá Rẻ,published,http://localhost:9000/static/1759939042117-Poe-pro.png,sc_01K71VRA7Q124V31XY4N1CRAWY,variant_01K728N6WP3XH6020B9WFS9Y0C
prod_01K728ZKBY2AFP76GCZZW528J7,quillbot-premium,Mua Tài Khoản Quillbot Premium Giá Rẻ,published,http://localhost:9000/static/1759939382616-Quillbot-premium-1.png,sc_01K71VRA7Q124V31XY4N1CRAWY,variant_01K72948QMEYFFV1P50ARZ1C66
prod_01K728ZKBY2AFP76GCZZW528J7,quillbot-premium,Mua Tài Khoản Quillbot Premium Giá Rẻ,published,http://localhost:9000/static/1759939382616-Quillbot-premium-1.png,sc_01K71VRA7Q124V31XY4N1CRAWY,variant_01K7295TSTA12AT8S6X3E0YWQR
prod_01K728ZKBY2AFP76GCZZW528J7,quillbot-premium,Mua Tài Khoản Quillbot Premium Giá Rẻ,published,http://localhost:9000/static/1759939382616-Quillbot-premium-1.png,sc_01K71VRA7Q124V31XY4N1CRAWY,variant_01K72972PFV1DAEHPYRKCTQFEE
prod_01K729GBC2K15QSYVGC7RFMBPS,tinder,Mua Tài Khoản Tinder Giá Rẻ,published,http://localhost:9000/static/1759939931486-Tinder.png,sc_01K71VRA7Q124V31XY4N1CRAWY,variant_01K729N75J46VBSAYMP9HXEP4R
prod_01K729GBC2K15QSYVGC7RFMBPS,tinder,Mua Tài Khoản Tinder Giá Rẻ,published,http://localhost:9000/static/1759939931486-Tinder.png,sc_01K71VRA7Q124V31XY4N1CRAWY,variant_01K729PCVH5QFBR61R9JTYMZ4Z
prod_01K72BZZT11TQ6PVY0EGNKRWHX,apple-music,Nâng Cấp Tài Khoản Apple Music Giá Rẻ,published,http://localhost:9000/static/1759942541068-Apple-music.png,sc_01K71VRA7Q124V31XY4N1CRAWY,variant_01K72BZZXWGFEGJVMN9JJNT8BW
prod_01K72CCA3STC0P3NRNQBZHP10Z,discord,Nâng Cấp Tài Khoản Discord Giá Rẻ,published,http://localhost:9000/static/1759942944856-Discord.png,sc_01K71VRA7Q124V31XY4N1CRAWY,variant_01K72CKWR4MFJP33NPK96DBVJ6
prod_01K72CCA3STC0P3NRNQBZHP10Z,discord,Nâng Cấp Tài Khoản Discord Giá Rẻ,published,http://localhost:9000/static/1759942944856-Discord.png,sc_01K71VRA7Q124V31XY4N1CRAWY,variant_01K72CNJX9HQJWWJN86AJRB3CX
prod_01K72D9WH5KV27TWKJ3TAA800K,iqiyi-premium,Nâng Cấp Tài Khoản IQiyi Cao Cấp Giá Rẻ,published,http://localhost:9000/static/1759943913971-Iqiyi.png,sc_01K71VRA7Q124V31XY4N1CRAWY,variant_01K72D9WMPVJMTQ809XWJ6P1XV
prod_01K72DZQB15YCF1YSQTD3WPYF3,spotify-premium,Nâng Cấp Tài Khoản Spotify Premium Giá Rẻ,published,http://localhost:9000/static/1759944629511-Spotify-premium.png,sc_01K71VRA7Q124V31XY4N1CRAWY,variant_01K72EKBS57A24G7PE1MSJA2PH
prod_01K72DZQB15YCF1YSQTD3WPYF3,spotify-premium,Nâng Cấp Tài Khoản Spotify Premium Giá Rẻ,published,http://localhost:9000/static/1759944629511-Spotify-premium.png,sc_01K71VRA7Q124V31XY4N1CRAWY,variant_01K72EN1YNHH158G158WZZB5Y2
prod_01K72DZQB15YCF1YSQTD3WPYF3,spotify-premium,Nâng Cấp Tài Khoản Spotify Premium Giá Rẻ,published,http://localhost:9000/static/1759944629511-Spotify-premium.png,sc_01K71VRA7Q124V31XY4N1CRAWY,variant_01K72EQQXM7QMJQFNDG4PJYW17
prod_01K73E87VM9G23GAHSJRTKNMGT,iqiyi-basic,Nâng Cấp Tài Khoản IQiyi Giá Rẻ,published,http://localhost:9000/static/1759978463058-Iqiyi.png,sc_01K71VRA7Q124V31XY4N1CRAWY,
prod_01K73F3JEKSPGGJEQ99ZFFRFEC,youtube-premium,Nâng Cấp Tài Khoản Youtube Premium Giá Rẻ,published,http://localhost:9000/static/1759979358585-Youtube-premium-1.png,sc_01K71VRA7Q124V31XY4N1CRAWY,variant_01K73F7VQQ7F4Y7QHEB6DE64XM
prod_01K73F3JEKSPGGJEQ99ZFFRFEC,youtube-premium,Nâng Cấp Tài Khoản Youtube Premium Giá Rẻ,published,http://localhost:9000/static/1759979358585-Youtube-premium-1.png,sc_01K71VRA7Q124V31XY4N1CRAWY,variant_01K73F9T9MD6J2DYMC19RE6GXH
prod_01K73F3JEKSPGGJEQ99ZFFRFEC,youtube-premium,Nâng Cấp Tài Khoản Youtube Premium Giá Rẻ,published,http://localhost:9000/static/1759979358585-Youtube-premium-1.png,sc_01K71VRA7Q124V31XY4N1CRAWY,variant_01K73FB730TNMDTAW8NE3JH2K8
prod_01K73FVH7Z1HDR1JRVTT1538F3,head-space,"Tài Khoản HeadSpace Giá Rẻ, Chính Chủ",published,http://localhost:9000/static/1759980143786-Head-space.png,sc_01K71VRA7Q124V31XY4N1CRAWY,variant_01K73FVHA4DBA5H8CM0DBTF026
prod_01K73FWT6ZB374NSYT0RN3ABYX,mua-key-ban-quyen-express-vpn-gia-re,Mua Key Bản Quyền Express VPN Giá Rẻ,published,http://localhost:9000/static/1760415584832-Express-vpn-premium.png,sc_01K71VRA7Q124V31XY4N1CRAWY,variant_01K73G5KT387MRGX2P1YHGRYBA
prod_01K73FWT6ZB374NSYT0RN3ABYX,mua-key-ban-quyen-express-vpn-gia-re,Mua Key Bản Quyền Express VPN Giá Rẻ,published,http://localhost:9000/static/1760415584832-Express-vpn-premium.png,sc_01K71VRA7Q124V31XY4N1CRAWY,variant_01K73FWTG2TSXRXGY0B60CAC8B
prod_01K73GBCK5FMHVJTSHQQST9NN3,vpn-trung-quoc-mo-chan-facebook-tiktok-google,"VPN Trung Quốc mở chặn Facebook, Tiktok, Google,...",published,http://localhost:9000/static/1760415668625-vpn-china.png,sc_01K71VRA7Q124V31XY4N1CRAWY,variant_01K73GBCQTA8MHX1HCH9DM0KR8
prod_01K73GG6YEB66J00X186F36QMN,mua-tai-khoan-pure-vpn-gia-re,Mua Tài Khoản Pure VPN Giá Rẻ,published,http://localhost:9000/static/1760415729504-Pure-vpn-standard.png,sc_01K71VRA7Q124V31XY4N1CRAWY,variant_01K73GG73MV24CZNA5XM41CVBZ
prod_01K73GH4C095RABRJYHGY4M4N3,netflix-premium,Tài Khoản Netflix Premium Giá Rẻ,published,http://localhost:9000/static/1759980851548-Netflix-premium-1.png,sc_01K71VRA7Q124V31XY4N1CRAWY,variant_01K73GH4DSQ9PSG4WA4GM3H5TH
prod_01K73GH4C095RABRJYHGY4M4N3,netflix-premium,Tài Khoản Netflix Premium Giá Rẻ,published,http://localhost:9000/static/1759980851548-Netflix-premium-1.png,sc_01K71VRA7Q124V31XY4N1CRAWY,variant_01K73GPP4SYCBJW4629H34D8T9
prod_01K73GMMGBP2EABQ8ZYMWY2W4Z,nang-cap-tai-khoan-windscribe-gia-re,Nâng Cấp Tài Khoản Windscribe Giá Rẻ,published,http://localhost:9000/static/1760415781054-windscribe.png,sc_01K71VRA7Q124V31XY4N1CRAWY,variant_01K73GMMN1SPTTMG1VKTQP49WY
prod_01K73HKEMG60AEXS8EPSX2PGJK,mua-tai-khoan-hma-vpn-gia-re,Mua Tài Khoản HMA VPN Giá Rẻ,published,http://localhost:9000/static/1760415875571-HMA-vpn-1.png,sc_01K71VRA7Q124V31XY4N1CRAWY,variant_01K73JDKX63HEBG3MS2V44R3GG
prod_01K73HKEMG60AEXS8EPSX2PGJK,mua-tai-khoan-hma-vpn-gia-re,Mua Tài Khoản HMA VPN Giá Rẻ,published,http://localhost:9000/static/1760415875571-HMA-vpn-1.png,sc_01K71VRA7Q124V31XY4N1CRAWY,variant_01K73JG940AK525TRF31P3P406
prod_01K73HKEMG60AEXS8EPSX2PGJK,mua-tai-khoan-hma-vpn-gia-re,Mua Tài Khoản HMA VPN Giá Rẻ,published,http://localhost:9000/static/1760415875571-HMA-vpn-1.png,sc_01K71VRA7Q124V31XY4N1CRAWY,variant_01K73HKEY9PCB9FVVXVCJ0442V
prod_01K73HKEMG60AEXS8EPSX2PGJK,mua-tai-khoan-hma-vpn-gia-re,Mua Tài Khoản HMA VPN Giá Rẻ,published,http://localhost:9000/static/1760415875571-HMA-vpn-1.png,sc_01K71VRA7Q124V31XY4N1CRAWY,variant_01K73HV3A26AY57855HM96G7PE
prod_01K73HKEMG60AEXS8EPSX2PGJK,mua-tai-khoan-hma-vpn-gia-re,Mua Tài Khoản HMA VPN Giá Rẻ,published,http://localhost:9000/static/1760415875571-HMA-vpn-1.png,sc_01K71VRA7Q124V31XY4N1CRAWY,variant_01K73JRWKRA64K7YNAQX3X252D
prod_01K73HKEMG60AEXS8EPSX2PGJK,mua-tai-khoan-hma-vpn-gia-re,Mua Tài Khoản HMA VPN Giá Rẻ,published,http://localhost:9000/static/1760415875571-HMA-vpn-1.png,sc_01K71VRA7Q124V31XY4N1CRAWY,variant_01K73KWCAHE1C05QQVN5E7YBC3
prod_01K73HKEMG60AEXS8EPSX2PGJK,mua-tai-khoan-hma-vpn-gia-re,Mua Tài Khoản HMA VPN Giá Rẻ,published,http://localhost:9000/static/1760415875571-HMA-vpn-1.png,sc_01K71VRA7Q124V31XY4N1CRAWY,variant_01K73KX755PVSPG9SWY5MHYGT5
prod_01K73HKEMG60AEXS8EPSX2PGJK,mua-tai-khoan-hma-vpn-gia-re,Mua Tài Khoản HMA VPN Giá Rẻ,published,http://localhost:9000/static/1760415875571-HMA-vpn-1.png,sc_01K71VRA7Q124V31XY4N1CRAWY,variant_01K73KY2QR6VE0P46KDCRANPZV
prod_01K73HNBZ8BH2T8HYNFDJPXCEG,unity-student,"Tài Khoản Unity Student Giá Rẻ, Chính Chủ",published,http://localhost:9000/static/1759982038934-Unity-student.png,sc_01K71VRA7Q124V31XY4N1CRAWY,variant_01K73HNC15A52V6PG0Q9BFX6CM
prod_01K73J3FPS6H299GQQ4G3XAMM6,kohoot-teacher,Mua tài khoản Kahoot!+ for Teachers,published,http://localhost:9000/static/1759982501555-Kahoot-teacher.png,sc_01K71VRA7Q124V31XY4N1CRAWY,
prod_01K73JY7E29VR7AFN4YYE68H8S,datacamp,Nâng Cấp Datacamp Giá Rẻ,published,http://localhost:9000/static/1759983377765-Datacamp.png,sc_01K71VRA7Q124V31XY4N1CRAWY,
prod_01K73KD3RW910SXQ47DB4WTM49,busuu-premium,Nâng Cấp Tài Khoản Busuu Premium Giá Rẻ,published,http://localhost:9000/static/1759983865553-Busuu-premium.png,sc_01K71VRA7Q124V31XY4N1CRAWY,variant_01K73KD3TMCJSX3WP2WG2AEBN0
prod_01K73KRSE77VB7G388MBYRVTZ7,cantoneseclass101,Nâng Cấp Tài Khoản Cantoneseclass101 Giá Rẻ,published,http://localhost:9000/static/1759984248230-Cantoneseclass101.png,sc_01K71VRA7Q124V31XY4N1CRAWY,
prod_01K73M68CH6BT6RDNZYGD8A4B5,nang-cap-tai-khoan-surfshark-vpn-gia-re,Nâng Cấp Tài Khoản Surfshark VPN Giá Rẻ,published,http://localhost:9000/static/1760416157192-SurfShark.png,sc_01K71VRA7Q124V31XY4N1CRAWY,variant_01K73M68P21QAHQXCJ8XCJZS9B
prod_01K73M9D17BB1CJFKA67QXFETK,coursera-business,Nâng Cấp Tài Khoản Coursera Business Giá Rẻ,published,http://localhost:9000/static/1759984792570-Coursera-business-1.png,sc_01K71VRA7Q124V31XY4N1CRAWY,variant_01K73MCZFG17H5K20XJYK7Q96Y
prod_01K73M9D17BB1CJFKA67QXFETK,coursera-business,Nâng Cấp Tài Khoản Coursera Business Giá Rẻ,published,http://localhost:9000/static/1759984792570-Coursera-business-1.png,sc_01K71VRA7Q124V31XY4N1CRAWY,variant_01K73MEMVY7XJ4ZBXRY2GYV6MQ
prod_01K73N1X5ZTHV9QRJXTNQBEJ2N,duolingo-super,Nâng Cấp Tài Khoản Duolingo Super Giá Rẻ,published,http://localhost:9000/static/1759985595551-Duolingo-super.png,sc_01K71VRA7Q124V31XY4N1CRAWY,variant_01K73N5DNXZ5HB998CM559EKCC
prod_01K73N1X5ZTHV9QRJXTNQBEJ2N,duolingo-super,Nâng Cấp Tài Khoản Duolingo Super Giá Rẻ,published,http://localhost:9000/static/1759985595551-Duolingo-super.png,sc_01K71VRA7Q124V31XY4N1CRAWY,variant_01K73N71TGZ37MA0YP4WXM5VQN
prod_01K73NK4G4GH6HAGG01CNRZDND,hackthebox-academy,Nâng Cấp Tài Khoản Hackthebox Academy Giá Rẻ,published,http://localhost:9000/static/1759986160048-Hackthebox-academy.png,sc_01K71VRA7Q124V31XY4N1CRAWY,variant_01K73NK4JKARWBCW2AQGFA9N4R
prod_01K73SN9PCEBMNPH6EKQNSV4ZY,kahoot-student,Nâng Cấp Tài Khoản Kahoot!+ Start For Students,published,http://localhost:9000/static/1759990425210-Kahoot-student.png,sc_01K71VRA7Q124V31XY4N1CRAWY,
prod_01K73T32QKF58AFJ1EJXQKKXA5,mua-key-ban-quyen-bitdefender-family-pack-gia-re,Mua Key Bản Quyền Bitdefender Family Pack Giá Rẻ,published,http://localhost:9000/static/1760415300702-Bitdefender-family-pack.png,sc_01K71VRA7Q124V31XY4N1CRAWY,variant_01K73T32XABVN24EMM24WG3SX8
prod_01K73T4MN1EVQVA3HTWRDQR98P,lingokids-plus,Nâng cấp Tài Khoản LingoKids Plus Giá Rẻ,published,http://localhost:9000/static/1759990927950-LingoKids-plus-1.png,sc_01K71VRA7Q124V31XY4N1CRAWY,variant_01K73TA25EP22ET376NTPK5DKJ
prod_01K73T4MN1EVQVA3HTWRDQR98P,lingokids-plus,Nâng cấp Tài Khoản LingoKids Plus Giá Rẻ,published,http://localhost:9000/static/1759990927950-LingoKids-plus-1.png,sc_01K71VRA7Q124V31XY4N1CRAWY,variant_01K73TDHFGVP579Z3RNRDEX5RD
prod_01K73T4MN1EVQVA3HTWRDQR98P,lingokids-plus,Nâng cấp Tài Khoản LingoKids Plus Giá Rẻ,published,http://localhost:9000/static/1759990927950-LingoKids-plus-1.png,sc_01K71VRA7Q124V31XY4N1CRAWY,variant_01K73TF3Y6M9TW0DNZY5A4CBDA
prod_01K73T4MN1EVQVA3HTWRDQR98P,lingokids-plus,Nâng cấp Tài Khoản LingoKids Plus Giá Rẻ,published,http://localhost:9000/static/1759990927950-LingoKids-plus-1.png,sc_01K71VRA7Q124V31XY4N1CRAWY,variant_01K73TGF7975KF9X55H4X6E6WD
prod_01K73TVXBT39Q3PF34R022DR7Q,lingq-premium,Nâng Cấp Tài Khoản Ling Q Premium Giá Rẻ,published,http://localhost:9000/static/1759991690537-LingQ-premium-1.png,sc_01K71VRA7Q124V31XY4N1CRAWY,variant_01K73TZXTAP6HNMGR09WXYGRT5
prod_01K73TVXBT39Q3PF34R022DR7Q,lingq-premium,Nâng Cấp Tài Khoản Ling Q Premium Giá Rẻ,published,http://localhost:9000/static/1759991690537-LingQ-premium-1.png,sc_01K71VRA7Q124V31XY4N1CRAWY,variant_01K73V48WXPRVG9EVJTEM75A6V
prod_01K73TVXBT39Q3PF34R022DR7Q,lingq-premium,Nâng Cấp Tài Khoản Ling Q Premium Giá Rẻ,published,http://localhost:9000/static/1759991690537-LingQ-premium-1.png,sc_01K71VRA7Q124V31XY4N1CRAWY,variant_01K73V5GGZXF91AXHHXH1E9NY6
prod_01K73V07ES406PKSKC9DBX7KVE,mua-key-ban-quyen-kaspersky-premium-gia-re,Mua Key Bản Quyền Kaspersky Premium Giá Rẻ,published,http://localhost:9000/static/1760415481216-Kaspersky-premium.png,sc_01K71VRA7Q124V31XY4N1CRAWY,variant_01K73V07MNEQDNAGBT46X692EX
prod_01K73V07ES406PKSKC9DBX7KVE,mua-key-ban-quyen-kaspersky-premium-gia-re,Mua Key Bản Quyền Kaspersky Premium Giá Rẻ,published,http://localhost:9000/static/1760415481216-Kaspersky-premium.png,sc_01K71VRA7Q124V31XY4N1CRAWY,variant_01K73VCS9SW68GF2WSRH6W3PJR
prod_01K73V07ES406PKSKC9DBX7KVE,mua-key-ban-quyen-kaspersky-premium-gia-re,Mua Key Bản Quyền Kaspersky Premium Giá Rẻ,published,http://localhost:9000/static/1760415481216-Kaspersky-premium.png,sc_01K71VRA7Q124V31XY4N1CRAWY,variant_01K73VDZSHK3TCE783C4481531
prod_01K73V07ES406PKSKC9DBX7KVE,mua-key-ban-quyen-kaspersky-premium-gia-re,Mua Key Bản Quyền Kaspersky Premium Giá Rẻ,published,http://localhost:9000/static/1760415481216-Kaspersky-premium.png,sc_01K71VRA7Q124V31XY4N1CRAWY,variant_01K73VF0TPH0TG80NGDXD991MP
prod_01K73V07ES406PKSKC9DBX7KVE,mua-key-ban-quyen-kaspersky-premium-gia-re,Mua Key Bản Quyền Kaspersky Premium Giá Rẻ,published,http://localhost:9000/static/1760415481216-Kaspersky-premium.png,sc_01K71VRA7Q124V31XY4N1CRAWY,variant_01K73VH86FCYEBC583ZJ10X2MN
prod_01K73V07ES406PKSKC9DBX7KVE,mua-key-ban-quyen-kaspersky-premium-gia-re,Mua Key Bản Quyền Kaspersky Premium Giá Rẻ,published,http://localhost:9000/static/1760415481216-Kaspersky-premium.png,sc_01K71VRA7Q124V31XY4N1CRAWY,variant_01K73VJ6E6N7T3HR8DRSAC4DEK
prod_01K73V07ES406PKSKC9DBX7KVE,mua-key-ban-quyen-kaspersky-premium-gia-re,Mua Key Bản Quyền Kaspersky Premium Giá Rẻ,published,http://localhost:9000/static/1760415481216-Kaspersky-premium.png,sc_01K71VRA7Q124V31XY4N1CRAWY,variant_01K73VKP5T0FFMSE15RA2BPDND
prod_01K73V07ES406PKSKC9DBX7KVE,mua-key-ban-quyen-kaspersky-premium-gia-re,Mua Key Bản Quyền Kaspersky Premium Giá Rẻ,published,http://localhost:9000/static/1760415481216-Kaspersky-premium.png,sc_01K71VRA7Q124V31XY4N1CRAWY,variant_01K73VMWGP14DGPCYEPJZJT23E
prod_01K73V07ES406PKSKC9DBX7KVE,mua-key-ban-quyen-kaspersky-premium-gia-re,Mua Key Bản Quyền Kaspersky Premium Giá Rẻ,published,http://localhost:9000/static/1760415481216-Kaspersky-premium.png,sc_01K71VRA7Q124V31XY4N1CRAWY,variant_01K73VNVXYTA7RA7FN17WHY9PM
prod_01K73V07ES406PKSKC9DBX7KVE,mua-key-ban-quyen-kaspersky-premium-gia-re,Mua Key Bản Quyền Kaspersky Premium Giá Rẻ,published,http://localhost:9000/static/1760415481216-Kaspersky-premium.png,sc_01K71VRA7Q124V31XY4N1CRAWY,variant_01K73VQGD41ZA3YJ88G7R7CJFH
prod_01K73V07ES406PKSKC9DBX7KVE,mua-key-ban-quyen-kaspersky-premium-gia-re,Mua Key Bản Quyền Kaspersky Premium Giá Rẻ,published,http://localhost:9000/static/1760415481216-Kaspersky-premium.png,sc_01K71VRA7Q124V31XY4N1CRAWY,variant_01K73Y1ZFCHTFBJ5Z5MQQT8H64
prod_01K73V07ES406PKSKC9DBX7KVE,mua-key-ban-quyen-kaspersky-premium-gia-re,Mua Key Bản Quyền Kaspersky Premium Giá Rẻ,published,http://localhost:9000/static/1760415481216-Kaspersky-premium.png,sc_01K71VRA7Q124V31XY4N1CRAWY,variant_01K73Y3Z573PRHE0CB2NW8J62Q
prod_01K73V07ES406PKSKC9DBX7KVE,mua-key-ban-quyen-kaspersky-premium-gia-re,Mua Key Bản Quyền Kaspersky Premium Giá Rẻ,published,http://localhost:9000/static/1760415481216-Kaspersky-premium.png,sc_01K71VRA7Q124V31XY4N1CRAWY,variant_01K73Y5J2082DAYVGZYHJRF3MZ
prod_01K73V07ES406PKSKC9DBX7KVE,mua-key-ban-quyen-kaspersky-premium-gia-re,Mua Key Bản Quyền Kaspersky Premium Giá Rẻ,published,http://localhost:9000/static/1760415481216-Kaspersky-premium.png,sc_01K71VRA7Q124V31XY4N1CRAWY,variant_01K73Z1JP78JA62QPBHE1MAW8J
prod_01K73VYCAE0G1PGG19173ZYRA2,padlet-platinum,Nâng Cấp Tài Khoản Padlet Platinum Giá Rẻ,published,http://localhost:9000/static/1759992819957-Padlet-platinum.png,sc_01K71VRA7Q124V31XY4N1CRAWY,variant_01K73W4D7E7JBBXR9K73NQP18X
prod_01K73VYCAE0G1PGG19173ZYRA2,padlet-platinum,Nâng Cấp Tài Khoản Padlet Platinum Giá Rẻ,published,http://localhost:9000/static/1759992819957-Padlet-platinum.png,sc_01K71VRA7Q124V31XY4N1CRAWY,variant_01K73W5M4F9CTNQBPT9EHD6B6D
prod_01K73WK2S40ZTHR5CZZ9VJV7GY,quizizz-individual-super,Nâng Cấp Tài Khoản Quizizz Individual Super Giá Rẻ,published,http://localhost:9000/static/1759993498334-Quizizz-individual-super.png,sc_01K71VRA7Q124V31XY4N1CRAWY,variant_01K73XBCE9PRVD6N7V5YDJP8DW
prod_01K73WK2S40ZTHR5CZZ9VJV7GY,quizizz-individual-super,Nâng Cấp Tài Khoản Quizizz Individual Super Giá Rẻ,published,http://localhost:9000/static/1759993498334-Quizizz-individual-super.png,sc_01K71VRA7Q124V31XY4N1CRAWY,variant_01K73XCZPDVVSKBB5JV193ZYRA
prod_01K73WK2S40ZTHR5CZZ9VJV7GY,quizizz-individual-super,Nâng Cấp Tài Khoản Quizizz Individual Super Giá Rẻ,published,http://localhost:9000/static/1759993498334-Quizizz-individual-super.png,sc_01K71VRA7Q124V31XY4N1CRAWY,variant_01K73XH111G18AYSP89XHTQMWK
prod_01K73WK2S40ZTHR5CZZ9VJV7GY,quizizz-individual-super,Nâng Cấp Tài Khoản Quizizz Individual Super Giá Rẻ,published,http://localhost:9000/static/1759993498334-Quizizz-individual-super.png,sc_01K71VRA7Q124V31XY4N1CRAWY,variant_01K73XK1A94PEV62HB9YXWXX84
prod_01K73YARNBAD1FZ5QKGFS2T6W6,quizlet-plus,Nâng Cấp Tài Khoản Quizlet Plus Giá Rẻ,published,http://localhost:9000/static/1759995322973-Quizlet-plus.png,sc_01K71VRA7Q124V31XY4N1CRAWY,variant_01K73YETMM8DVJGK5MPDZ8108Q
prod_01K73YYMJT14WDGR9CQ1ZSJF74,tryhackme-premium,Nâng Cấp Tài Khoản Tryhackme Premium,published,http://localhost:9000/static/1759995974155-Tryhackme-premium.png,sc_01K71VRA7Q124V31XY4N1CRAWY,variant_01K73Z3GA2FJYEGMFZPF1DMX8H
prod_01K73YYMJT14WDGR9CQ1ZSJF74,tryhackme-premium,Nâng Cấp Tài Khoản Tryhackme Premium,published,http://localhost:9000/static/1759995974155-Tryhackme-premium.png,sc_01K71VRA7Q124V31XY4N1CRAWY,variant_01K73Z5DFHDQ1PG23XKE797ES9
prod_01K73ZMJ1RJJW9KM2J660TCR8X,udemy,Nâng Cấp Tài Khoản Udemy Giá Rẻ,published,http://localhost:9000/static/1759996692460-Udemy.png,sc_01K71VRA7Q124V31XY4N1CRAWY,
prod_01K7404TRQ422XWSFRSGJ72EAX,wordwall,Nâng Cấp Tài Khoản Wordwall Giá Rẻ,published,http://localhost:9000/static/1759997225679-Wordwall-1.png,sc_01K71VRA7Q124V31XY4N1CRAWY,variant_01K740CM6YYM5K5D18C8TTZME9
prod_01K7404TRQ422XWSFRSGJ72EAX,wordwall,Nâng Cấp Tài Khoản Wordwall Giá Rẻ,published,http://localhost:9000/static/1759997225679-Wordwall-1.png,sc_01K71VRA7Q124V31XY4N1CRAWY,variant_01K740EQYRWD974FZY1WBVSCSG
prod_01K747MABEQ48BE91H86QTVRKB,1password,1Password 1 Năm - Nâng Cấp Chính Chủ Giá Rẻ,published,http://localhost:9000/static/1760005073167-1password.png,sc_01K71VRA7Q124V31XY4N1CRAWY,variant_01K747MAEFE5EPFNGRBXAX4J54
prod_01K76YVG1TRATZ7ERP8JS0KAY9,air-explorer-pro,Air Explorer PRO Giá Rẻ,published,http://localhost:9000/static/1760096534498-Air-explorer-pro.png,sc_01K71VRA7Q124V31XY4N1CRAWY,variant_01K76YVG5KMP5TH1983YJMDQ40
prod_01K76Z9H6PZFFRF9NK5DYBVYRF,esim-instabridge,eSIM Du Lịch Instabridge Giá Rẻ,published,http://localhost:9000/static/1760096994489-eSIM-Instabridge.png,sc_01K71VRA7Q124V31XY4N1CRAWY,variant_01K76ZFHHJFM1JB8V3T3BHZM49
prod_01K76Z9H6PZFFRF9NK5DYBVYRF,esim-instabridge,eSIM Du Lịch Instabridge Giá Rẻ,published,http://localhost:9000/static/1760096994489-eSIM-Instabridge.png,sc_01K71VRA7Q124V31XY4N1CRAWY,variant_01K76ZHK8CEARZ7T3RKVC37CA3
prod_01K76Z9H6PZFFRF9NK5DYBVYRF,esim-instabridge,eSIM Du Lịch Instabridge Giá Rẻ,published,http://localhost:9000/static/1760096994489-eSIM-Instabridge.png,sc_01K71VRA7Q124V31XY4N1CRAWY,variant_01K76ZNT77VY0GCMEZ5F37D6Y2
prod_01K76Z9H6PZFFRF9NK5DYBVYRF,esim-instabridge,eSIM Du Lịch Instabridge Giá Rẻ,published,http://localhost:9000/static/1760096994489-eSIM-Instabridge.png,sc_01K71VRA7Q124V31XY4N1CRAWY,variant_01K76ZR1WV6JJ297EGGGFKXT2R
prod_01K79ZC2TEDHY6EGT50KGKTXPY,internet-download-manager,Key Internet Download Manager,published,http://localhost:9000/static/1760197741306-Internet-download-manager.png,sc_01K71VRA7Q124V31XY4N1CRAWY,variant_01K79ZC2XH6KCSBBW852JWTGH9
prod_01K79ZPH9JEQ9WV6EX5609S8EH,key-parallels,Key Parallels Giá Rẻ,published,http://localhost:9000/static/1760198083812-Key-parallels.png,sc_01K71VRA7Q124V31XY4N1CRAWY,variant_01K79ZTZ1Q9YY1Q71W6A39MB2K
prod_01K79ZPH9JEQ9WV6EX5609S8EH,key-parallels,Key Parallels Giá Rẻ,published,http://localhost:9000/static/1760198083812-Key-parallels.png,sc_01K71VRA7Q124V31XY4N1CRAWY,variant_01K79ZVZ8SW7TQ35CFXMVBVSNS
prod_01K7A0H9W5GJEPY422P63RXRS1,google-drive-upgrade,Nâng Cấp Tài Khoản Google Drive,published,http://localhost:9000/static/1760198960946-Google-drive.png,sc_01K71VRA7Q124V31XY4N1CRAWY,variant_01K7A0P0VDB839J0AC8A8J19K0
prod_01K7A0H9W5GJEPY422P63RXRS1,google-drive-upgrade,Nâng Cấp Tài Khoản Google Drive,published,http://localhost:9000/static/1760198960946-Google-drive.png,sc_01K71VRA7Q124V31XY4N1CRAWY,variant_01K7A0S8HCEW3N9J9HR9E738WC
prod_01K7A0H9W5GJEPY422P63RXRS1,google-drive-upgrade,Nâng Cấp Tài Khoản Google Drive,published,http://localhost:9000/static/1760198960946-Google-drive.png,sc_01K71VRA7Q124V31XY4N1CRAWY,variant_01K7A0V7SZE7134NT7W9J1NS7W
prod_01K7A0H9W5GJEPY422P63RXRS1,google-drive-upgrade,Nâng Cấp Tài Khoản Google Drive,published,http://localhost:9000/static/1760198960946-Google-drive.png,sc_01K71VRA7Q124V31XY4N1CRAWY,variant_01K7A0WYC633FG1B69FTTTZ05G
prod_01K7A1SRPVDG5FNY4XBJW2X0Y9,google-one-upgrade,Nâng Cấp Tài Khoản Google One Giá Rẻ,published,http://localhost:9000/static/1760200286896-Google-one.png,sc_01K71VRA7Q124V31XY4N1CRAWY,variant_01K7A1Z4T0GRDRYYG4K3KE03QM
prod_01K7A1SRPVDG5FNY4XBJW2X0Y9,google-one-upgrade,Nâng Cấp Tài Khoản Google One Giá Rẻ,published,http://localhost:9000/static/1760200286896-Google-one.png,sc_01K71VRA7Q124V31XY4N1CRAWY,variant_01K7A2079ZFBQDD82R1DDD53FQ
prod_01K7A1SRPVDG5FNY4XBJW2X0Y9,google-one-upgrade,Nâng Cấp Tài Khoản Google One Giá Rẻ,published,http://localhost:9000/static/1760200286896-Google-one.png,sc_01K71VRA7Q124V31XY4N1CRAWY,variant_01K7A22NEX2VZWDFM6ZN88HDD9
prod_01K7A1SRPVDG5FNY4XBJW2X0Y9,google-one-upgrade,Nâng Cấp Tài Khoản Google One Giá Rẻ,published,http://localhost:9000/static/1760200286896-Google-one.png,sc_01K71VRA7Q124V31XY4N1CRAWY,variant_01K7A24GXBA26HXXKQ9EMCXZDS
prod_01K7A2CVHMBQC6RZ3Q4DJY3FT1,google-photo-upgrade,Nâng Cấp Tài Khoản Google Photo,published,http://localhost:9000/static/1760200912353-Google-photo-1.png,sc_01K71VRA7Q124V31XY4N1CRAWY,variant_01K7A2N5PBJW65553W7G5FNX27
prod_01K7A2CVHMBQC6RZ3Q4DJY3FT1,google-photo-upgrade,Nâng Cấp Tài Khoản Google Photo,published,http://localhost:9000/static/1760200912353-Google-photo-1.png,sc_01K71VRA7Q124V31XY4N1CRAWY,variant_01K7A2R7J9F03EZR9AW6W8GW7A
prod_01K7A2CVHMBQC6RZ3Q4DJY3FT1,google-photo-upgrade,Nâng Cấp Tài Khoản Google Photo,published,http://localhost:9000/static/1760200912353-Google-photo-1.png,sc_01K71VRA7Q124V31XY4N1CRAWY,variant_01K7A2TY6GEGGMYEH7ED6AWERV
prod_01K7A3B6MNJ03W55JGD848SKG8,mega-nz,Nâng Cấp Tài Khoản Mega.nz,published,http://localhost:9000/static/1760201906798-Mega.nz-1.png,sc_01K71VRA7Q124V31XY4N1CRAWY,variant_01K7A3GK69HH149N46Z58KWJNN
prod_01K7A3B6MNJ03W55JGD848SKG8,mega-nz,Nâng Cấp Tài Khoản Mega.nz,published,http://localhost:9000/static/1760201906798-Mega.nz-1.png,sc_01K71VRA7Q124V31XY4N1CRAWY,variant_01K7A3HNTRBTXG7MV4YR7HC0PR
prod_01K7A3B6MNJ03W55JGD848SKG8,mega-nz,Nâng Cấp Tài Khoản Mega.nz,published,http://localhost:9000/static/1760201906798-Mega.nz-1.png,sc_01K71VRA7Q124V31XY4N1CRAWY,variant_01K7A3JFTA9GX8R8DBMNM4M54J
prod_01K7A3B6MNJ03W55JGD848SKG8,mega-nz,Nâng Cấp Tài Khoản Mega.nz,published,http://localhost:9000/static/1760201906798-Mega.nz-1.png,sc_01K71VRA7Q124V31XY4N1CRAWY,variant_01K7A3KMEFY5708YY3M9J3PYGM
prod_01K7A3XVFFXH36MP3SBA3D4654,one-drive-upgrade,Nâng cấp tài khoản One Drive,published,http://localhost:9000/static/1760202517930-Google-one-drive.png,sc_01K71VRA7Q124V31XY4N1CRAWY,variant_01K7A41YKP8P1CWT6JX5BSEWF0
prod_01K7A3XVFFXH36MP3SBA3D4654,one-drive-upgrade,Nâng cấp tài khoản One Drive,published,http://localhost:9000/static/1760202517930-Google-one-drive.png,sc_01K71VRA7Q124V31XY4N1CRAWY,variant_01K7A43SYWNVQNXSWECVRXMB1K
prod_01K7E2HW6DJV1ZTH01M9YZ7NDC,idm,Tài Khoản IDM Giá Rẻ,published,http://localhost:9000/static/1760335294585-IDM-GIA-RE.png,sc_01K71VRA7Q124V31XY4N1CRAWY,variant_01K7E2HW9P1KCT3EDSSZ5KDE14
prod_01K7E2PF4H9J3407HXPRQ6HY0E,lago-fast,Tài Khoản LagoFast Giá Rẻ,published,http://localhost:9000/static/1760335445054-LagoFast-1.png,sc_01K71VRA7Q124V31XY4N1CRAWY,variant_01K7E2S37C97TSTC775V6NJVT3
prod_01K7E2PF4H9J3407HXPRQ6HY0E,lago-fast,Tài Khoản LagoFast Giá Rẻ,published,http://localhost:9000/static/1760335445054-LagoFast-1.png,sc_01K71VRA7Q124V31XY4N1CRAWY,variant_01K7E2TBYAWD6GJ9ZQ6KN3ERV9
prod_01K7E2PF4H9J3407HXPRQ6HY0E,lago-fast,Tài Khoản LagoFast Giá Rẻ,published,http://localhost:9000/static/1760335445054-LagoFast-1.png,sc_01K71VRA7Q124V31XY4N1CRAWY,variant_01K7E2V7Y6BBY444TRP7CE05YF
prod_01K7E2PF4H9J3407HXPRQ6HY0E,lago-fast,Tài Khoản LagoFast Giá Rẻ,published,http://localhost:9000/static/1760335445054-LagoFast-1.png,sc_01K71VRA7Q124V31XY4N1CRAWY,variant_01K7E2W3MC6YXYRW2X2D3AMWNV
prod_01K7E36VTRZWKDC6EN7BDWPTYN,name-com,"Tài Khoản Name.com Giá Rẻ, Chính Chủ",published,http://localhost:9000/static/1760335982344-Name.com.png,sc_01K71VRA7Q124V31XY4N1CRAWY,variant_01K7E36VXWJ49JZ5BWCF3BNHZ3
prod_01K7E3HH8NB458FJAEAY1J130H,truecaller-premium,Tài khoản Truecaller Premium Chính Chủ 1 Năm,published,http://localhost:9000/static/1760336331978-Truecaller-premium.png,sc_01K71VRA7Q124V31XY4N1CRAWY,variant_01K7E3HHB01Q8B8Z2SC6K530DM
prod_01K7E43K0VCPTE0KG5TT643YYR,vietmap-live-pro,Tài Khoản Vietmap Live Pro Giá Rẻ,published,http://localhost:9000/static/1760336923631-Vietmap-live-pro.png,sc_01K71VRA7Q124V31XY4N1CRAWY,variant_01K7E45R71PVV9X287TMC2C5V0
prod_01K7E43K0VCPTE0KG5TT643YYR,vietmap-live-pro,Tài Khoản Vietmap Live Pro Giá Rẻ,published,http://localhost:9000/static/1760336923631-Vietmap-live-pro.png,sc_01K71VRA7Q124V31XY4N1CRAWY,variant_01K7E46PYTKJVJ66RCTRVR8F0C
prod_01K7E4J804BJTRX9KJNZ1P9V2F,windows-10-lifetime,Key Kích Hoạt Win 10 Lifetime,published,http://localhost:9000/static/1760337403877-Key-pro-windows-10.png,sc_01K71VRA7Q124V31XY4N1CRAWY,variant_01K7E4VVFX4CHNEF19NW7THMH7
prod_01K7E4J804BJTRX9KJNZ1P9V2F,windows-10-lifetime,Key Kích Hoạt Win 10 Lifetime,published,http://localhost:9000/static/1760337403877-Key-pro-windows-10.png,sc_01K71VRA7Q124V31XY4N1CRAWY,variant_01K7E4X5Z708WMDKJQHWCW0DNQ
prod_01K7E4J804BJTRX9KJNZ1P9V2F,windows-10-lifetime,Key Kích Hoạt Win 10 Lifetime,published,http://localhost:9000/static/1760337403877-Key-pro-windows-10.png,sc_01K71VRA7Q124V31XY4N1CRAWY,variant_01K7E4YW70ZMRXGD568E85KJN9
prod_01K7E4J804BJTRX9KJNZ1P9V2F,windows-10-lifetime,Key Kích Hoạt Win 10 Lifetime,published,http://localhost:9000/static/1760337403877-Key-pro-windows-10.png,sc_01K71VRA7Q124V31XY4N1CRAWY,variant_01K7E51B2FEWJFBYMTEDXH33KX
prod_01K7E58JQVWANEWJ87P15F1BJF,windows-key-11,Key Kích Hoạt Win 11,published,http://localhost:9000/static/1760338135763-Windows-key-11.png,sc_01K71VRA7Q124V31XY4N1CRAWY,variant_01K7E5FNX657CHQCBXXKJA2JFN
prod_01K7E58JQVWANEWJ87P15F1BJF,windows-key-11,Key Kích Hoạt Win 11,published,http://localhost:9000/static/1760338135763-Windows-key-11.png,sc_01K71VRA7Q124V31XY4N1CRAWY,variant_01K7E5H4NDHRHY4XZEMTC7F2BG
prod_01K7E58JQVWANEWJ87P15F1BJF,windows-key-11,Key Kích Hoạt Win 11,published,http://localhost:9000/static/1760338135763-Windows-key-11.png,sc_01K71VRA7Q124V31XY4N1CRAWY,variant_01K7E5JTBJGR1GQWRETTCV9THS
prod_01K7E58JQVWANEWJ87P15F1BJF,windows-key-11,Key Kích Hoạt Win 11,published,http://localhost:9000/static/1760338135763-Windows-key-11.png,sc_01K71VRA7Q124V31XY4N1CRAWY,variant_01K7E5M39YVRRA9EXC03NR1P1B
prod_01K7E9E9EJMDM5S8VVR13Z7JHP,windows-server-key,Key Kích Hoạt Windows Server,published,http://localhost:9000/static/1760342517114-Windows-server-key.png,sc_01K71VRA7Q124V31XY4N1CRAWY,
prod_01K7EA0GN4RJQN7J1HE75V4TQP,windows-server-2008-r2,Windows Server 2008 R2 Bản Quyền (Vĩnh Viễn),published,http://localhost:9000/static/1760343114370-Windows-server-2008-1.png,sc_01K71VRA7Q124V31XY4N1CRAWY,variant_01K7EA57NFGBQZGD588X0Z5845
prod_01K7EA0GN4RJQN7J1HE75V4TQP,windows-server-2008-r2,Windows Server 2008 R2 Bản Quyền (Vĩnh Viễn),published,http://localhost:9000/static/1760343114370-Windows-server-2008-1.png,sc_01K71VRA7Q124V31XY4N1CRAWY,variant_01K7EA74YMKBSDGMM10B03ZA6J
prod_01K7EA0GN4RJQN7J1HE75V4TQP,windows-server-2008-r2,Windows Server 2008 R2 Bản Quyền (Vĩnh Viễn),published,http://localhost:9000/static/1760343114370-Windows-server-2008-1.png,sc_01K71VRA7Q124V31XY4N1CRAWY,variant_01K7EA8NA0KR2R4JC3S28D0V2P
prod_01K7EAT3XRWC53Y7DK1AQS4PQZ,windows-10-education,Windows 10 Education Bản Quyền (Vĩnh Viễn),published,http://localhost:9000/static/1760343953253-Windows-10-Education.png,sc_01K71VRA7Q124V31XY4N1CRAWY,variant_01K7EAT3ZVJ7D585DP3RRYSV0W
prod_01K7EAT3XRWC53Y7DK1AQS4PQZ,windows-10-education,Windows 10 Education Bản Quyền (Vĩnh Viễn),published,http://localhost:9000/static/1760343953253-Windows-10-Education.png,sc_01K71VRA7Q124V31XY4N1CRAWY,variant_01K7EAT3ZWDGV4RQ8XK37RDE16
prod_01K7EBF8WM7080633GC8S3F1EZ,windows-10-enterprise,Windows 10 Enterprise Bản Quyền (Vĩnh Viễn),published,http://localhost:9000/static/1760344646492-Windows-10-enterprise-1.png,sc_01K71VRA7Q124V31XY4N1CRAWY,variant_01K7EBF8ZKPBPY22DHFSG94V6B
prod_01K7EBF8WM7080633GC8S3F1EZ,windows-10-enterprise,Windows 10 Enterprise Bản Quyền (Vĩnh Viễn),published,http://localhost:9000/static/1760344646492-Windows-10-enterprise-1.png,sc_01K71VRA7Q124V31XY4N1CRAWY,variant_01K7EBF8ZKZ4DDGAPHKRCHA109
prod_01K7EBF8WM7080633GC8S3F1EZ,windows-10-enterprise,Windows 10 Enterprise Bản Quyền (Vĩnh Viễn),published,http://localhost:9000/static/1760344646492-Windows-10-enterprise-1.png,sc_01K71VRA7Q124V31XY4N1CRAWY,variant_01K7EBF8ZKZ1DHYBAPG1ZS6V2H
prod_01K7EBF8WM7080633GC8S3F1EZ,windows-10-enterprise,Windows 10 Enterprise Bản Quyền (Vĩnh Viễn),published,http://localhost:9000/static/1760344646492-Windows-10-enterprise-1.png,sc_01K71VRA7Q124V31XY4N1CRAWY,variant_01K7EBF8ZKT79BHK0F7462ZE3Z
prod_01K7EBF8WM7080633GC8S3F1EZ,windows-10-enterprise,Windows 10 Enterprise Bản Quyền (Vĩnh Viễn),published,http://localhost:9000/static/1760344646492-Windows-10-enterprise-1.png,sc_01K71VRA7Q124V31XY4N1CRAWY,variant_01K7EBF8ZMZDKR120D3Q49AKDH
prod_01K7EJS5WBYMH1EEP4K6A3XVHG,windows-10-home,Windows 10 Home Bản Quyền (Vĩnh Viễn),published,http://localhost:9000/static/1760352311123-Windows-10-home-1.png,sc_01K71VRA7Q124V31XY4N1CRAWY,variant_01K7EJS61CEHNP3A8WGBMDV6PC
prod_01K7EJS5WBYMH1EEP4K6A3XVHG,windows-10-home,Windows 10 Home Bản Quyền (Vĩnh Viễn),published,http://localhost:9000/static/1760352311123-Windows-10-home-1.png,sc_01K71VRA7Q124V31XY4N1CRAWY,variant_01K7EJS61CE33MGH91BBK479AR
prod_01K7EKJX1TEYBSZJQP80E8MZZQ,windows-10-pro,Windows 10 Pro Bản Quyền (Vĩnh Viễn),published,http://localhost:9000/static/1760353154057-Windows-10-pro-1.png,sc_01K71VRA7Q124V31XY4N1CRAWY,variant_01K7EKJX48MNMEP3290ASH443C
prod_01K7EKJX1TEYBSZJQP80E8MZZQ,windows-10-pro,Windows 10 Pro Bản Quyền (Vĩnh Viễn),published,http://localhost:9000/static/1760353154057-Windows-10-pro-1.png,sc_01K71VRA7Q124V31XY4N1CRAWY,variant_01K7EKJX485FW0D6WVXXNTD44K
prod_01K7EKJX1TEYBSZJQP80E8MZZQ,windows-10-pro,Windows 10 Pro Bản Quyền (Vĩnh Viễn),published,http://localhost:9000/static/1760353154057-Windows-10-pro-1.png,sc_01K71VRA7Q124V31XY4N1CRAWY,variant_01K7EKJX491D8W17C5AMV9R296
prod_01K7EM6CKC6Y2T4MRZFWKW8WJ3,windows-11-education,Windows 11 Education Bản Quyền (Vĩnh Viễn),published,http://localhost:9000/static/1760353792530-Windows-11-education.png,sc_01K71VRA7Q124V31XY4N1CRAWY,variant_01K7EM6CNR4V9G1XXGE8825KJN
prod_01K7EM6CKC6Y2T4MRZFWKW8WJ3,windows-11-education,Windows 11 Education Bản Quyền (Vĩnh Viễn),published,http://localhost:9000/static/1760353792530-Windows-11-education.png,sc_01K71VRA7Q124V31XY4N1CRAWY,variant_01K7EM6CNRR9NXB6PRETQXWYK0
prod_01K7EMT98XMK9GHBN3VAVTMH4F,windows-11-enterprise,Windows 11 Enterprise Bản Quyền (Vĩnh Viễn),published,http://localhost:9000/static/1760354444520-Windows-11-enterprise-1.png,sc_01K71VRA7Q124V31XY4N1CRAWY,variant_01K7EMT9B589KMC8T699A7590K
prod_01K7EMT98XMK9GHBN3VAVTMH4F,windows-11-enterprise,Windows 11 Enterprise Bản Quyền (Vĩnh Viễn),published,http://localhost:9000/static/1760354444520-Windows-11-enterprise-1.png,sc_01K71VRA7Q124V31XY4N1CRAWY,variant_01K7EMT9B516WB0NX65NSWZ4HN
prod_01K7EMT98XMK9GHBN3VAVTMH4F,windows-11-enterprise,Windows 11 Enterprise Bản Quyền (Vĩnh Viễn),published,http://localhost:9000/static/1760354444520-Windows-11-enterprise-1.png,sc_01K71VRA7Q124V31XY4N1CRAWY,variant_01K7EMT9B6HEW53KWH41FX01TF
prod_01K7G5M7G7KJDF87VXE68EV91S,windows-11-home,Windows 11 Home Bản Quyền (Vĩnh Viễn),published,http://localhost:9000/static/1760405626286-Windows-11-home-1.png,sc_01K71VRA7Q124V31XY4N1CRAWY,variant_01K7G5M7N7R4N1EDGQVAA2HKNK
prod_01K7G5M7G7KJDF87VXE68EV91S,windows-11-home,Windows 11 Home Bản Quyền (Vĩnh Viễn),published,http://localhost:9000/static/1760405626286-Windows-11-home-1.png,sc_01K71VRA7Q124V31XY4N1CRAWY,variant_01K7G5M7N890RCW0A74KHSCA3A
prod_01K7G5NNHA44P7QDPT10BB7FTK,key-kich-hoat-office-2016-pro-plus-gia-re,Key Kích Hoạt Office 2016 Pro Plus Giá Rẻ,published,http://localhost:9000/static/1760411859895-Office-2016-pro-plus-key.png,sc_01K71VRA7Q124V31XY4N1CRAWY,variant_01K7G5NNQ4HQRNX3GCJ3DZY5Q7
prod_01K7G6BGR6Z60H7V9R5RVQBCCK,windows-11-iot-enterprise,Windows 11 IoT Enterprise Bản Quyền (Vĩnh Viễn),published,http://localhost:9000/static/1760406389472-Windows-11-iot-enterprise-1.png,sc_01K71VRA7Q124V31XY4N1CRAWY,variant_01K7G6BGSSVYQFDHF9EKKJZ9QW
prod_01K7G6BGR6Z60H7V9R5RVQBCCK,windows-11-iot-enterprise,Windows 11 IoT Enterprise Bản Quyền (Vĩnh Viễn),published,http://localhost:9000/static/1760406389472-Windows-11-iot-enterprise-1.png,sc_01K71VRA7Q124V31XY4N1CRAWY,variant_01K7G6BGSS1Y0EC9PQDNAN6N1D
prod_01K7G6BGR6Z60H7V9R5RVQBCCK,windows-11-iot-enterprise,Windows 11 IoT Enterprise Bản Quyền (Vĩnh Viễn),published,http://localhost:9000/static/1760406389472-Windows-11-iot-enterprise-1.png,sc_01K71VRA7Q124V31XY4N1CRAWY,variant_01K7G6BGSR9TZFE118DWG1YKNG
prod_01K7G7MA0DHY6J4S2D62KW94ZF,windows-11-pro,Windows 11 Pro Bản Quyền (Vĩnh Viễn),published,http://localhost:9000/static/1760407726049-Windows-11-pro-1.png,sc_01K71VRA7Q124V31XY4N1CRAWY,variant_01K7G7MA2B1Q3FJ91D1F77N15K
prod_01K7G7MA0DHY6J4S2D62KW94ZF,windows-11-pro,Windows 11 Pro Bản Quyền (Vĩnh Viễn),published,http://localhost:9000/static/1760407726049-Windows-11-pro-1.png,sc_01K71VRA7Q124V31XY4N1CRAWY,variant_01K7G7MA2B8NTATNC24S85TQ8C
prod_01K7G7MA0DHY6J4S2D62KW94ZF,windows-11-pro,Windows 11 Pro Bản Quyền (Vĩnh Viễn),published,http://localhost:9000/static/1760407726049-Windows-11-pro-1.png,sc_01K71VRA7Q124V31XY4N1CRAWY,variant_01K7G7MA2CNNNGA3BC8315WHJ9
prod_01K7G8GCDA5E0XKD18W5J3YE9X,windows-7,Windows 7 Bản Quyền (Vĩnh Viễn),published,http://localhost:9000/static/1760408646024-Windows-7-3.png,sc_01K71VRA7Q124V31XY4N1CRAWY,variant_01K7G8GCF95M9QYZD1RD8GZ9JE
prod_01K7G8GCDA5E0XKD18W5J3YE9X,windows-7,Windows 7 Bản Quyền (Vĩnh Viễn),published,http://localhost:9000/static/1760408646024-Windows-7-3.png,sc_01K71VRA7Q124V31XY4N1CRAWY,variant_01K7G8GCF969FX5CM2HVZDVXVS
prod_01K7G8GCDA5E0XKD18W5J3YE9X,windows-7,Windows 7 Bản Quyền (Vĩnh Viễn),published,http://localhost:9000/static/1760408646024-Windows-7-3.png,sc_01K71VRA7Q124V31XY4N1CRAWY,variant_01K7G8GCFA52MCCW7DGPPV8E2W
prod_01K7G8GCDA5E0XKD18W5J3YE9X,windows-7,Windows 7 Bản Quyền (Vĩnh Viễn),published,http://localhost:9000/static/1760408646024-Windows-7-3.png,sc_01K71VRA7Q124V31XY4N1CRAWY,variant_01K7G8GCFAF91C0H7870TCY3AW
prod_01K7G94PTCKYRQA8FPHECGVFQX,windows-8,Windows 8 Bản Quyền (Vĩnh Viễn),published,http://localhost:9000/static/1760409312042-Windows-8-3.png,sc_01K71VRA7Q124V31XY4N1CRAWY,variant_01K7G94PW7MSSWA3SVWWN4K2B9
prod_01K7G94PTCKYRQA8FPHECGVFQX,windows-8,Windows 8 Bản Quyền (Vĩnh Viễn),published,http://localhost:9000/static/1760409312042-Windows-8-3.png,sc_01K71VRA7Q124V31XY4N1CRAWY,variant_01K7G94PW7536GES7VW70V037Z
prod_01K7G9TKSZP6YR1VTQ19SEZ9H7,windows-8-1,Windows 8.1 Bản Quyền (Vĩnh Viễn),published,http://localhost:9000/static/1760410029796-Windows-8.1-3.png,sc_01K71VRA7Q124V31XY4N1CRAWY,variant_01K7G9TKVX3QX1GA2XNYZF7ZYZ
prod_01K7G9TKSZP6YR1VTQ19SEZ9H7,windows-8-1,Windows 8.1 Bản Quyền (Vĩnh Viễn),published,http://localhost:9000/static/1760410029796-Windows-8.1-3.png,sc_01K71VRA7Q124V31XY4N1CRAWY,variant_01K7G9TKVYJJMFJZXBPEGZWC73
prod_01K7GC3RM8ZKY2BDSWEWQ1TM1N,powerbi-pro-key,Key Bản Quyền PowerBI Pro Giá Rẻ,published,http://localhost:9000/static/1760412426804-PowerBI-pro-plus-key.png,sc_01K71VRA7Q124V31XY4N1CRAWY,variant_01K7GC3RRV4XZEJAKBM37W08XQ
prod_01K7GC3RM8ZKY2BDSWEWQ1TM1N,powerbi-pro-key,Key Bản Quyền PowerBI Pro Giá Rẻ,published,http://localhost:9000/static/1760412426804-PowerBI-pro-plus-key.png,sc_01K71VRA7Q124V31XY4N1CRAWY,variant_01K7GC3RRV4T4EQTXC514C774T
prod_01K7GCC0REF1RWG6WES6R1P6SY,office-2019-pro-plus-key,Key Kích Hoạt Office 2019 Pro Plus,published,http://localhost:9000/static/1760412697283-Office-2019-pro-plus-key.png,sc_01K71VRA7Q124V31XY4N1CRAWY,variant_01K7GD2WZWYW9H46CM4MNKH674
prod_01K7GCC0REF1RWG6WES6R1P6SY,office-2019-pro-plus-key,Key Kích Hoạt Office 2019 Pro Plus,published,http://localhost:9000/static/1760412697283-Office-2019-pro-plus-key.png,sc_01K71VRA7Q124V31XY4N1CRAWY,variant_01K7GD7B31D9M7T57DQ2R0MS13
prod_01K7GCC0REF1RWG6WES6R1P6SY,office-2019-pro-plus-key,Key Kích Hoạt Office 2019 Pro Plus,published,http://localhost:9000/static/1760412697283-Office-2019-pro-plus-key.png,sc_01K71VRA7Q124V31XY4N1CRAWY,variant_01K7GD8YDVEB0SRVNMR5P0BZ75
prod_01K7GCC0REF1RWG6WES6R1P6SY,office-2019-pro-plus-key,Key Kích Hoạt Office 2019 Pro Plus,published,http://localhost:9000/static/1760412697283-Office-2019-pro-plus-key.png,sc_01K71VRA7Q124V31XY4N1CRAWY,variant_01K7GDD9WFFNE53A591BYCPPPD
prod_01K7GCC0REF1RWG6WES6R1P6SY,office-2019-pro-plus-key,Key Kích Hoạt Office 2019 Pro Plus,published,http://localhost:9000/static/1760412697283-Office-2019-pro-plus-key.png,sc_01K71VRA7Q124V31XY4N1CRAWY,variant_01K7GDFHYWQEGBNFAH7858R2NV
prod_01K7GCC0REF1RWG6WES6R1P6SY,office-2019-pro-plus-key,Key Kích Hoạt Office 2019 Pro Plus,published,http://localhost:9000/static/1760412697283-Office-2019-pro-plus-key.png,sc_01K71VRA7Q124V31XY4N1CRAWY,variant_01K7GDJR1SAD46M378VX84EV7Q
prod_01K7GCC0REF1RWG6WES6R1P6SY,office-2019-pro-plus-key,Key Kích Hoạt Office 2019 Pro Plus,published,http://localhost:9000/static/1760412697283-Office-2019-pro-plus-key.png,sc_01K71VRA7Q124V31XY4N1CRAWY,variant_01K7GECDH1XM3EVQBBX2YHYBJ8
prod_01K7GCC0REF1RWG6WES6R1P6SY,office-2019-pro-plus-key,Key Kích Hoạt Office 2019 Pro Plus,published,http://localhost:9000/static/1760412697283-Office-2019-pro-plus-key.png,sc_01K71VRA7Q124V31XY4N1CRAWY,variant_01K7GEGM6BKYQ17KEJB5D39DKS
prod_01K7GCC0REF1RWG6WES6R1P6SY,office-2019-pro-plus-key,Key Kích Hoạt Office 2019 Pro Plus,published,http://localhost:9000/static/1760412697283-Office-2019-pro-plus-key.png,sc_01K71VRA7Q124V31XY4N1CRAWY,variant_01K7GEN3FCTFM771TTCZVF2SCD
prod_01K7GCC0REF1RWG6WES6R1P6SY,office-2019-pro-plus-key,Key Kích Hoạt Office 2019 Pro Plus,published,http://localhost:9000/static/1760412697283-Office-2019-pro-plus-key.png,sc_01K71VRA7Q124V31XY4N1CRAWY,variant_01K7GEQKP853S70CPQW9Q04EPY
prod_01K7GG77R8CP55MSFDC6J8A82G,nord-vpn-basic,Nâng Cấp Tài Khoản Nord VPN Giá Rẻ,published,http://localhost:9000/static/1760416734863-NordVPN-1.png,sc_01K71VRA7Q124V31XY4N1CRAWY,variant_01K7GG77VE8G4H5DKZWVC8KS3K
prod_01K7GG77R8CP55MSFDC6J8A82G,nord-vpn-basic,Nâng Cấp Tài Khoản Nord VPN Giá Rẻ,published,http://localhost:9000/static/1760416734863-NordVPN-1.png,sc_01K71VRA7Q124V31XY4N1CRAWY,variant_01K7GG77VFVYS6E3VE9X144BHS
prod_01K7GH9XYMHRWT3J2K4WXXE8Z0,pia-vpn,Tài Khoản PIA VPN Giá Rẻ,published,http://localhost:9000/static/1760417871785-pia-vpn.png,sc_01K71VRA7Q124V31XY4N1CRAWY,
prod_01K7GNFM02ZS77DZHV576Y9KF3,office-2021-pro-plus-key,Key Kích Hoạt Office 2021 Pro Plus,published,http://localhost:9000/static/1760422252477-Office-2021-pro-plus-key.png,sc_01K71VRA7Q124V31XY4N1CRAWY,variant_01K7GNTZCDGEA1M5JP88SWVFCT
prod_01K7GQ0B8XG79K3CD3MEA2MA5F,key-microsoft-project-2021,Key Microsoft Project 2021,published,http://localhost:9000/static/1760423849194-Key-microsoft-project-2021-1.png,sc_01K71VRA7Q124V31XY4N1CRAWY,variant_01K7GQ0BC67YGRJQVK7PSN4PCQ
prod_01K7GQ0B8XG79K3CD3MEA2MA5F,key-microsoft-project-2021,Key Microsoft Project 2021,published,http://localhost:9000/static/1760423849194-Key-microsoft-project-2021-1.png,sc_01K71VRA7Q124V31XY4N1CRAWY,variant_01K7GQ0BC8ADD5HCPA4Q8T9ZRS
prod_01K7GQ0B8XG79K3CD3MEA2MA5F,key-microsoft-project-2021,Key Microsoft Project 2021,published,http://localhost:9000/static/1760423849194-Key-microsoft-project-2021-1.png,sc_01K71VRA7Q124V31XY4N1CRAWY,variant_01K7GQ0BC8CEQN34DBPT5J1AKF
prod_01K7GQ0B8XG79K3CD3MEA2MA5F,key-microsoft-project-2021,Key Microsoft Project 2021,published,http://localhost:9000/static/1760423849194-Key-microsoft-project-2021-1.png,sc_01K71VRA7Q124V31XY4N1CRAWY,variant_01K7GQ0BC9KX8RYS6C39QAEKS5
prod_01K7GQSB6XPVNVAWK1K3AXSRJ1,key-microsoft-project-pro-2019,Key Microsoft Project Pro 2019,published,http://localhost:9000/static/1760424668302-Key-microsoft-project-2019.png,sc_01K71VRA7Q124V31XY4N1CRAWY,variant_01K7GQSB9S9JJKWG54QXJ5T38Q
prod_01K7GQSB6XPVNVAWK1K3AXSRJ1,key-microsoft-project-pro-2019,Key Microsoft Project Pro 2019,published,http://localhost:9000/static/1760424668302-Key-microsoft-project-2019.png,sc_01K71VRA7Q124V31XY4N1CRAWY,variant_01K7GQSB9VHSMA0A6D35QHM5NY
prod_01K7GQSB6XPVNVAWK1K3AXSRJ1,key-microsoft-project-pro-2019,Key Microsoft Project Pro 2019,published,http://localhost:9000/static/1760424668302-Key-microsoft-project-2019.png,sc_01K71VRA7Q124V31XY4N1CRAWY,variant_01K7GQSB9V26AEQBFX0VN1QDDH
prod_01K7GRG04YWVKGW1M17VZNFRBV,key-microsoft-visio-2021,Key Microsoft Visio 2021,published,http://localhost:9000/static/1760425410629-Microsoft-pro-visio-2021.png,sc_01K71VRA7Q124V31XY4N1CRAWY,variant_01K7GRG075K5FA4PCAVWCA9VYG
prod_01K7GRG04YWVKGW1M17VZNFRBV,key-microsoft-visio-2021,Key Microsoft Visio 2021,published,http://localhost:9000/static/1760425410629-Microsoft-pro-visio-2021.png,sc_01K71VRA7Q124V31XY4N1CRAWY,variant_01K7GRG075FKXZP335MX33V9EP
prod_01K7GRG04YWVKGW1M17VZNFRBV,key-microsoft-visio-2021,Key Microsoft Visio 2021,published,http://localhost:9000/static/1760425410629-Microsoft-pro-visio-2021.png,sc_01K71VRA7Q124V31XY4N1CRAWY,variant_01K7GRG076CGDYMH69EJRQ89YE
prod_01K7GRG04YWVKGW1M17VZNFRBV,key-microsoft-visio-2021,Key Microsoft Visio 2021,published,http://localhost:9000/static/1760425410629-Microsoft-pro-visio-2021.png,sc_01K71VRA7Q124V31XY4N1CRAWY,variant_01K7GRG076VF1B4F68M3NJRH8V
prod_01K7GS861DMP0TKVCBKVFAPRM0,key-microsoft-visio-pro-2019,Key Microsoft Visio Pro 2019,published,http://localhost:9000/static/1760426203098-Visio-pro-2019-1.png,sc_01K71VRA7Q124V31XY4N1CRAWY,variant_01K7GS863NTJXSDMQDMASA8H7K
prod_01K7GS861DMP0TKVCBKVFAPRM0,key-microsoft-visio-pro-2019,Key Microsoft Visio Pro 2019,published,http://localhost:9000/static/1760426203098-Visio-pro-2019-1.png,sc_01K71VRA7Q124V31XY4N1CRAWY,variant_01K7GS863PBQH9KRX6274YCP6T
prod_01K7GS861DMP0TKVCBKVFAPRM0,key-microsoft-visio-pro-2019,Key Microsoft Visio Pro 2019,published,http://localhost:9000/static/1760426203098-Visio-pro-2019-1.png,sc_01K71VRA7Q124V31XY4N1CRAWY,variant_01K7GS863PNSVQ2RKNR2W3P2NP
prod_01K7GT0DKBGVXZHJZD6X9VC5AP,microsoft-copilot-pro,Microsoft Copilot PRO Giá Rẻ,published,http://localhost:9000/static/1760426997276-Microsoft-copilot-pro.png,sc_01K71VRA7Q124V31XY4N1CRAWY,variant_01K7GT0DNN8QRDA72VE6AK0HRC
prod_01K7GT0DKBGVXZHJZD6X9VC5AP,microsoft-copilot-pro,Microsoft Copilot PRO Giá Rẻ,published,http://localhost:9000/static/1760426997276-Microsoft-copilot-pro.png,sc_01K71VRA7Q124V31XY4N1CRAWY,variant_01K7GT0DNN1KQ6HNF0NTDHS9W0
prod_01K7GTKWTME96PD0NSRB005ACK,microsoft-office-2010,Microsoft Office 2010 Bản Quyền (Vĩnh Viễn),published,http://localhost:9000/static/1760427635438-Microsoft-office-2010.png,sc_01K71VRA7Q124V31XY4N1CRAWY,variant_01K7GTKWY3BV0PPMDQB5GWM5MD
prod_01K7GVRENF4R0N45GC1PCGYRYW,microsoft-office-2016,Microsoft Office 2016 Bản Quyền (Vĩnh Viễn),published,http://localhost:9000/static/1760428833404-Microsoft-office-2016-pro-1.png,sc_01K71VRA7Q124V31XY4N1CRAWY,variant_01K7GVRES0XMPBVPC12GF7F0MJ
prod_01K7GVRENF4R0N45GC1PCGYRYW,microsoft-office-2016,Microsoft Office 2016 Bản Quyền (Vĩnh Viễn),published,http://localhost:9000/static/1760428833404-Microsoft-office-2016-pro-1.png,sc_01K71VRA7Q124V31XY4N1CRAWY,variant_01K7GVRES17R8G3SVS93C7XR9Z
prod_01K7GVRENF4R0N45GC1PCGYRYW,microsoft-office-2016,Microsoft Office 2016 Bản Quyền (Vĩnh Viễn),published,http://localhost:9000/static/1760428833404-Microsoft-office-2016-pro-1.png,sc_01K71VRA7Q124V31XY4N1CRAWY,variant_01K7GVRES2E9Y1EK3TF7BJF0HM
prod_01K7H0J5W0YK0GZGNEWS8Y868N,microsoft-office-2019,Microsoft Office 2019 Bản Quyền (Vĩnh Viễn),published,http://localhost:9000/static/1761620835725-microsoft-office-2019-2.png,sc_01K71VRA7Q124V31XY4N1CRAWY,variant_01K7H0J5ZAWD4B3Y2MZEJFFN0H
prod_01K7H0J5W0YK0GZGNEWS8Y868N,microsoft-office-2019,Microsoft Office 2019 Bản Quyền (Vĩnh Viễn),published,http://localhost:9000/static/1761620835725-microsoft-office-2019-2.png,sc_01K71VRA7Q124V31XY4N1CRAWY,variant_01K7H0J5ZB82QSDHTD9Q4S7N8E
prod_01K7H0J5W0YK0GZGNEWS8Y868N,microsoft-office-2019,Microsoft Office 2019 Bản Quyền (Vĩnh Viễn),published,http://localhost:9000/static/1761620835725-microsoft-office-2019-2.png,sc_01K71VRA7Q124V31XY4N1CRAWY,variant_01K7H0J5ZBV2T7MNSS24TWFT36
prod_01K7H1KRK856YFSKXCKPTE5EK4,microsoft-project-2010,Microsoft Project 2010 Bản Quyền (Vĩnh Viễn),published,http://localhost:9000/static/1761620921000-microsoft-project-2010-1.png,sc_01K71VRA7Q124V31XY4N1CRAWY,variant_01K7H1KRPF1SQFJEYPD7WEDH6H
prod_01K8M9VB03HV2BMA103T60N0EH,adobe-all-apps,Tài Khoản Adobe Bản Quyền All Apps Giá Rẻ,published,http://localhost:9000/static/1761618013110-Adobe-2.png,sc_01K71VRA7Q124V31XY4N1CRAWY,variant_01K8M9VB4HVVMYBY569K1ERPP9
prod_01K8M9VB03HV2BMA103T60N0EH,adobe-all-apps,Tài Khoản Adobe Bản Quyền All Apps Giá Rẻ,published,http://localhost:9000/static/1761618013110-Adobe-2.png,sc_01K71VRA7Q124V31XY4N1CRAWY,variant_01K8M9VB4KT3VH1ND926YZKFTJ
prod_01K8M9VB03HV2BMA103T60N0EH,adobe-all-apps,Tài Khoản Adobe Bản Quyền All Apps Giá Rẻ,published,http://localhost:9000/static/1761618013110-Adobe-2.png,sc_01K71VRA7Q124V31XY4N1CRAWY,variant_01K8M9VB4M27PE5GNQ8191VPXV
prod_01K8M9VB03HV2BMA103T60N0EH,adobe-all-apps,Tài Khoản Adobe Bản Quyền All Apps Giá Rẻ,published,http://localhost:9000/static/1761618013110-Adobe-2.png,sc_01K71VRA7Q124V31XY4N1CRAWY,variant_01K8M9VB4N3NWV7XZFF29SS59H
prod_01K8M9VB03HV2BMA103T60N0EH,adobe-all-apps,Tài Khoản Adobe Bản Quyền All Apps Giá Rẻ,published,http://localhost:9000/static/1761618013110-Adobe-2.png,sc_01K71VRA7Q124V31XY4N1CRAWY,variant_01K8M9VB4PMNZ90B410SFE132P
prod_01K8MB1QGG41PGF6TW6EMV8WE5,chatgpt-plus,Nâng Cấp Tài Khoản ChatGPT Plus Giá Rẻ,published,http://localhost:9000/static/1761619271147-ChatGPT.png,sc_01K71VRA7Q124V31XY4N1CRAWY,variant_01K8MB1QK2GPM10FQN6X9JMMED
prod_01K8MB1QGG41PGF6TW6EMV8WE5,chatgpt-plus,Nâng Cấp Tài Khoản ChatGPT Plus Giá Rẻ,published,http://localhost:9000/static/1761619271147-ChatGPT.png,sc_01K71VRA7Q124V31XY4N1CRAWY,variant_01K8MB1QK2SWQ6BA9G92V80DAB
prod_01K8MB1QGG41PGF6TW6EMV8WE5,chatgpt-plus,Nâng Cấp Tài Khoản ChatGPT Plus Giá Rẻ,published,http://localhost:9000/static/1761619271147-ChatGPT.png,sc_01K71VRA7Q124V31XY4N1CRAWY,variant_01K8MB1QK2KWPX3BF7KW9TM585