{"create":[],"update":[{"id":"prod_01K5T3SP72459KJEWX9P2B3H43","title":"Medusa Shorts","discountable":true,"is_giftcard":false,"options":[{"title":"Size","values":["S","M","L","XL"]}],"variants":[{"id":"variant_01K5T3SP9K7JSH5H8PVRW88685","title":"S","prices":[{"currency_code":"eur","amount":10},{"currency_code":"usd","amount":15}],"sku":"SHORTS-S","allow_backorder":false,"manage_inventory":true,"variant_rank":0,"options":{"Size":"S"}},{"id":"variant_01K5T3SP9KHHB29JM4KZEFMWWS","title":"M","prices":[{"currency_code":"eur","amount":10},{"currency_code":"usd","amount":15}],"sku":"SHORTS-M","allow_backorder":false,"manage_inventory":true,"variant_rank":0,"options":{"Size":"M"}},{"id":"variant_01K5T3SP9KQ7YF28QNTKVV7WTB","title":"L","prices":[{"currency_code":"eur","amount":10},{"currency_code":"usd","amount":15}],"sku":"SHORTS-L","allow_backorder":false,"manage_inventory":true,"variant_rank":0,"options":{"Size":"L"}},{"id":"variant_01K5T3SP9M8ZAPDF3RP7JWRQV4","title":"XL","prices":[{"currency_code":"eur","amount":10},{"currency_code":"usd","amount":15}],"sku":"SHORTS-XL","allow_backorder":false,"manage_inventory":true,"variant_rank":0,"options":{"Size":"XL"}}],"status":"published","description":"Reimagine the feeling of classic shorts. With our cotton shorts, everyday essentials no longer have to be ordinary.","images":[{"url":"https://medusa-public-images.s3.eu-west-1.amazonaws.com/shorts-vintage-front.png"},{"url":"https://medusa-public-images.s3.eu-west-1.amazonaws.com/shorts-vintage-back.png"}],"thumbnail":"https://medusa-public-images.s3.eu-west-1.amazonaws.com/shorts-vintage-front.png","handle":"shorts","categories":[],"tags":[],"sales_channels":[{"id":"sc_01K5T3SNVVD2KJBTEXWCKZ4B14"}],"weight":"400"},{"id":"prod_01K5T3SP728FJJBNA2SVMZDRQP","title":"Medusa Sweatpants","discountable":true,"is_giftcard":false,"options":[{"title":"Size","values":["S","M","XL","L"]}],"variants":[{"id":"variant_01K5T3SP9J612T0Y81GC2WBT5M","title":"S","prices":[{"currency_code":"eur","amount":10},{"currency_code":"usd","amount":15}],"sku":"SWEATPANTS-S","allow_backorder":false,"manage_inventory":true,"variant_rank":0,"options":{"Size":"S"}},{"id":"variant_01K5T3SP9K0W8MPDANZKMANG36","title":"M","prices":[{"currency_code":"eur","amount":10},{"currency_code":"usd","amount":15}],"sku":"SWEATPANTS-M","allow_backorder":false,"manage_inventory":true,"variant_rank":0,"options":{"Size":"M"}},{"id":"variant_01K5T3SP9K1TZS3SG4W70HVDKK","title":"XL","prices":[{"currency_code":"eur","amount":10},{"currency_code":"usd","amount":15}],"sku":"SWEATPANTS-XL","allow_backorder":false,"manage_inventory":true,"variant_rank":0,"options":{"Size":"XL"}},{"id":"variant_01K5T3SP9KK2Y1SXPE05VVV7DY","title":"L","prices":[{"currency_code":"eur","amount":10},{"currency_code":"usd","amount":15}],"sku":"SWEATPANTS-L","allow_backorder":false,"manage_inventory":true,"variant_rank":0,"options":{"Size":"L"}}],"status":"published","description":"Reimagine the feeling of classic sweatpants. With our cotton sweatpants, everyday essentials no longer have to be ordinary.","images":[{"url":"https://medusa-public-images.s3.eu-west-1.amazonaws.com/sweatpants-gray-front.png"},{"url":"https://medusa-public-images.s3.eu-west-1.amazonaws.com/sweatpants-gray-back.png"}],"thumbnail":"https://medusa-public-images.s3.eu-west-1.amazonaws.com/sweatpants-gray-front.png","handle":"sweatpants","categories":[],"tags":[],"sales_channels":[{"id":"sc_01K5T3SNVVD2KJBTEXWCKZ4B14"}],"weight":"400"},{"id":"prod_01K5T3SP729Q04XTP45TN62SDS","title":"Medusa T-Shirt","discountable":true,"is_giftcard":false,"options":[{"title":"Size","values":["M","S","L","XL"]},{"title":"Color","values":["Black","White"]}],"variants":[{"id":"variant_01K5T3SP9GAF3K8YDQJQT312K0","title":"M / Black","prices":[{"currency_code":"eur","amount":10},{"currency_code":"usd","amount":15}],"sku":"SHIRT-M-BLACK","allow_backorder":false,"manage_inventory":true,"variant_rank":0,"options":{"Size":"M","Color":"Black"}},{"id":"variant_01K5T3SP9GMZT2MBZEYXFTER40","title":"S / White","prices":[{"currency_code":"eur","amount":10},{"currency_code":"usd","amount":15}],"sku":"SHIRT-S-WHITE","allow_backorder":false,"manage_inventory":true,"variant_rank":0,"options":{"Size":"S","Color":"White"}},{"id":"variant_01K5T3SP9GPRXVEFMS3TP2RW97","title":"S / Black","prices":[{"currency_code":"eur","amount":10},{"currency_code":"usd","amount":15}],"sku":"SHIRT-S-BLACK","allow_backorder":false,"manage_inventory":true,"variant_rank":0,"options":{"Size":"S","Color":"Black"}},{"id":"variant_01K5T3SP9H7S43NQJZN1ZMZ31Y","title":"L / Black","prices":[{"currency_code":"eur","amount":10},{"currency_code":"usd","amount":15}],"sku":"SHIRT-L-BLACK","allow_backorder":false,"manage_inventory":true,"variant_rank":0,"options":{"Size":"L","Color":"Black"}},{"id":"variant_01K5T3SP9H7Y2DK1R8TF3AQWB9","title":"M / White","prices":[{"currency_code":"eur","amount":10},{"currency_code":"usd","amount":15}],"sku":"SHIRT-M-WHITE","allow_backorder":false,"manage_inventory":true,"variant_rank":0,"options":{"Size":"M","Color":"White"}},{"id":"variant_01K5T3SP9H99N4VPDERRJ348SB","title":"L / White","prices":[{"currency_code":"eur","amount":10},{"currency_code":"usd","amount":15}],"sku":"SHIRT-L-WHITE","allow_backorder":false,"manage_inventory":true,"variant_rank":0,"options":{"Size":"L","Color":"White"}},{"id":"variant_01K5T3SP9HD4SDZ21Z8A7QZ7VE","title":"XL / White","prices":[{"currency_code":"eur","amount":10},{"currency_code":"usd","amount":15}],"sku":"SHIRT-XL-WHITE","allow_backorder":false,"manage_inventory":true,"variant_rank":0,"options":{"Size":"XL","Color":"White"}},{"id":"variant_01K5T3SP9HY9RP6TCCXMNBRJCT","title":"XL / Black","prices":[{"currency_code":"eur","amount":10},{"currency_code":"usd","amount":15}],"sku":"SHIRT-XL-BLACK","allow_backorder":false,"manage_inventory":true,"variant_rank":0,"options":{"Size":"XL","Color":"Black"}}],"status":"published","description":"Reimagine the feeling of a classic T-shirt. With our cotton T-shirts, everyday essentials no longer have to be ordinary.","images":[{"url":"https://medusa-public-images.s3.eu-west-1.amazonaws.com/tee-black-front.png"},{"url":"https://medusa-public-images.s3.eu-west-1.amazonaws.com/tee-black-back.png"},{"url":"https://medusa-public-images.s3.eu-west-1.amazonaws.com/tee-white-front.png"},{"url":"https://medusa-public-images.s3.eu-west-1.amazonaws.com/tee-white-back.png"}],"thumbnail":"https://medusa-public-images.s3.eu-west-1.amazonaws.com/tee-black-front.png","handle":"t-shirt","categories":[],"tags":[],"sales_channels":[{"id":"sc_01K5T3SNVVD2KJBTEXWCKZ4B14"}],"weight":"400"},{"id":"prod_01K5T3SP72ERFCJNNK7ZJP71EN","title":"Medusa Sweatshirt","discountable":true,"is_giftcard":false,"options":[{"title":"Size","values":["S","XL","M","L"]}],"variants":[{"id":"variant_01K5T3SP9JK8KV4Z8EXXC9V4MT","title":"S","prices":[{"currency_code":"eur","amount":10},{"currency_code":"usd","amount":15}],"sku":"SWEATSHIRT-S","allow_backorder":false,"manage_inventory":true,"variant_rank":0,"options":{"Size":"S"}},{"id":"variant_01K5T3SP9JQPA2YDK4SMSCJ6TR","title":"XL","prices":[{"currency_code":"eur","amount":10},{"currency_code":"usd","amount":15}],"sku":"SWEATSHIRT-XL","allow_backorder":false,"manage_inventory":true,"variant_rank":0,"options":{"Size":"XL"}},{"id":"variant_01K5T3SP9JRHWN56R6SF1W6MFK","title":"M","prices":[{"currency_code":"eur","amount":10},{"currency_code":"usd","amount":15}],"sku":"SWEATSHIRT-M","allow_backorder":false,"manage_inventory":true,"variant_rank":0,"options":{"Size":"M"}},{"id":"variant_01K5T3SP9JW3V8DGAZ7E3HKDHF","title":"L","prices":[{"currency_code":"eur","amount":10},{"currency_code":"usd","amount":15}],"sku":"SWEATSHIRT-L","allow_backorder":false,"manage_inventory":true,"variant_rank":0,"options":{"Size":"L"}}],"status":"published","description":"Reimagine the feeling of a classic sweatshirt. With our cotton sweatshirt, everyday essentials no longer have to be ordinary.","images":[{"url":"https://medusa-public-images.s3.eu-west-1.amazonaws.com/sweatshirt-vintage-front.png"},{"url":"https://medusa-public-images.s3.eu-west-1.amazonaws.com/sweatshirt-vintage-back.png"}],"thumbnail":"https://medusa-public-images.s3.eu-west-1.amazonaws.com/sweatshirt-vintage-front.png","handle":"sweatshirt","categories":[],"tags":[],"sales_channels":[{"id":"sc_01K5T3SNVVD2KJBTEXWCKZ4B14"}],"weight":"400"}]}